<SPConfig xmlns="urn:mace:shibboleth:2.0:native:sp:config"
    xmlns:conf="urn:mace:shibboleth:2.0:native:sp:config"
    xmlns:saml="urn:oasis:names:tc:SAML:2.0:assertion"
    xmlns:samlp="urn:oasis:names:tc:SAML:2.0:protocol"    
    xmlns:md="urn:oasis:names:tc:SAML:2.0:metadata"
    clockSkew="180">

    
       
    <RequestMapper type="Native">
        <RequestMap>
            
            <Host name="mtdispatcher.deere.com" authType="shibboleth" requireSession="true" exportAssertion="true" exportStdVars="true" exportCookie="true">
               
            </Host>
            
        </RequestMap>
    </RequestMapper>

    
    <ApplicationDefaults signing="true" encryption="false" entityID="https://mtdispatcher.deere.com"
                         REMOTE_USER="SAML-screenName" attributePrefix="AJP_"> 

         
        <Sessions lifetime="28800" timeout="3600" relayState="ss:mem" checkAddress="true" handlerSSL="true" cookieProps="https">

            
            <SSO entityID="Deere_Idp_Prod">
                              SAML2 SAML1
            </SSO>       
			
			
			
			<!-- <SSO entityID="Deere_IdP">
                              SAML2 SAML1
            </SSO> --> 

            <!-- SAML and local-only logout. -->
            <Logout>SAML2 Local</Logout>

			<Handler type="MetadataGenerator" Location="/Metadata" signing="false"/>
            <Handler type="Status" Location="/Status" acl="127.0.0.1 ::1 10.100.8.126"/>
            <Handler type="Session" Location="/Session" showAttributeValues="true"/>
            <Handler type="DiscoveryFeed" Location="/DiscoFeed"/>
        </Sessions>

        
        <Errors supportContact="Alon.Bodnya@welocalize.com"
            helpLocation="/about.html"
            styleSheet="/shibboleth-sp/main.css"/>
        
         
        
       <MetadataProvider type="XML" file="Deere_Idp_Prod_Metadata.xml"/>   
        <!-- <MetadataProvider type="XML" file="Deere_Idp_Stage_Metadata.xml"/> -->
       
        

        <!-- Map to extract attributes from SAML assertions. -->
        <AttributeExtractor type="XML" validate="true" reloadChanges="true" path="attribute-map.xml"/>
        
        <!-- Use a SAML query if no attributes are supplied during SSO. -->
        <AttributeResolver type="Query" subjectMatch="true"/>

        <!-- Default filtering policy for recognized attributes, lets other data pass. -->
        <AttributeFilter type="XML" validate="true" path="attribute-policy.xml"/>

        <!-- Simple file-based resolver for using a single keypair. -->
        <CredentialResolver type="File" key="C:/Apache24/conf/ssl/mtdispatcher_deere_com.key" certificate="C:/Apache24/conf/ssl/ssl_certificate.crt"/>

        
        
              
    </ApplicationDefaults>
    
    <!-- Policies that determine how to process and authenticate runtime messages. -->
    <SecurityPolicyProvider type="XML" validate="true" path="security-policy.xml"/>

    <!-- Low-level configuration about protocols and bindings available for use. -->
    <ProtocolProvider type="XML" validate="true" reloadChanges="false" path="protocols.xml"/>

</SPConfig>
